{
  "0": 186.44922202841337,
  "1": 121.10856734371886,
  "10": 68.54007513062945,
  "11": 63.31381402782082,
  "12": 59.15546723740654,
  "13": 42.96888645090042,
  "14": 39.05475994947577,
  "15": 67.47131354768099,
  "16": 50.06646717547213,
  "17": 78.0363018642797,
  "18": 72.57243247144528,
  "19": 303.38043554295285,
  "2": 86.6438603381815,
  "20": 56.49901265890724,
  "21": 41.03161460186566,
  "22": 52.586733443256776,
  "23": 62.89993657596289,
  "24": 47.219340164693364,
  "25": 42.06801937112743,
  "26": 71.38596888663076,
  "27": 37.79317935115349,
  "28": 46.403615541029275,
  "29": 42.03541195182208,
  "3": 76.77350642243913,
  "30": 51.166709487311905,
  "31": 71.8007973919625,
  "32": 45.12432411394377,
  "33": 40.80340686335952,
  "34": 40.38003696582768,
  "35": 34.22935331021948,
  "36": 54.2408915494589,
  "37": 78.31084800515062,
  "38": 64.46367358713421,
  "39": 51.60298228624708,
  "4": 68.6088754259324,
  "40": 50.12222907073821,
  "41": 46.27897734489691,
  "42": 42.92091442378677,
  "43": 63.502135260634056,
  "44": 79.4848196979769,
  "45": 65.40734469790343,
  "46": 38.48034853587307,
  "47": 54.72532764971629,
  "48": 49.552898387675484,
  "49": 36.82492357877273,
  "5": 94.65672427765455,
  "50": 44.39427483537506,
  "51": 50.63935386552269,
  "52": 56.27125482391244,
  "53": 31.35989159276675,
  "54": 57.73700764728908,
  "55": 106.96938700169628,
  "6": 150.8483852978472,
  "7": 86.51600743559548,
  "8": 386.03583873476555,
  "9": 158.43577033661202
}
